{"cameraMode":{"drawMode":0,"name":"Shaded","section":"Shading Mode"},"sceneLighting":true,"audioPlay":false,"sceneViewState":{"showFog":true,"showMaterialUpdate":false,"showSkybox":true,"showFlares":true,"showImageEffects":true,"showParticleSystems":true},"in2DMode":false,"pivot":{"x":9.829105377197266,"y":3.3938751220703127,"z":-18.346839904785158},"rotation":{"x":-0.01456556748598814,"y":-0.7319560050964356,"z":0.015553031116724015,"w":-0.6810562014579773},"size":76.81538391113281,"orthographic":false}