{"cameraMode":{"drawMode":0,"name":"Shaded","section":"Shading Mode"},"sceneLighting":true,"audioPlay":false,"sceneViewState":{"showFog":true,"showMaterialUpdate":false,"showSkybox":true,"showFlares":true,"showImageEffects":true,"showParticleSystems":true},"in2DMode":false,"pivot":{"x":0.12676727771759034,"y":0.1695045679807663,"z":-0.2611047029495239},"rotation":{"x":0.031186092644929887,"y":-0.0039014879148453476,"z":-0.00012656679609790444,"w":-0.9995157718658447},"size":2.8973639011383058,"orthographic":false}